{"cameraMode":{"drawMode":0,"name":"Shaded","section":"Shading Mode"},"sceneLighting":true,"audioPlay":false,"sceneViewState":{"showFog":true,"showMaterialUpdate":false,"showSkybox":true,"showFlares":true,"showImageEffects":true,"showParticleSystems":true},"in2DMode":false,"pivot":{"x":-28.107391357421876,"y":-33.86869430541992,"z":-56.607810974121097},"rotation":{"x":-0.08412382751703263,"y":0.9094551205635071,"z":-0.22575168311595918,"w":-0.33889827132225039},"size":189.0908660888672,"orthographic":false}