{"cameraMode":{"drawMode":0,"name":"Shaded","section":"Shading Mode"},"sceneLighting":false,"audioPlay":false,"sceneViewState":{"showFog":true,"showMaterialUpdate":false,"showSkybox":false,"showFlares":true,"showImageEffects":true,"showParticleSystems":true},"in2DMode":false,"pivot":{"x":-2.6151161193847658,"y":-1.5154190063476563,"z":0.5210723876953125},"rotation":{"x":-0.07111243903636933,"y":0.8844049572944641,"z":-0.14345955848693849,"w":-0.4383965730667114},"size":6.673468112945557,"orthographic":false}